F1_score,IoU
0.6504779594980292,0.48200617698402043
